{
    "name": "Proposed Method [MSE]",
    "description": "Inference (ans)",
    "results": {
      "psnr": [
        29.59623646173013,
        30.620305225841804,
        31.368097891084776,
        33.500982263908604,
        35.1986092737886,
        36.75209027231476,
        37.659769404047275,
        38.98167890128869
      ],
      "ms-ssim": [
        0.9271597891319089,
        0.942064642906189,
        0.9509546567754048,
        0.9705119947107826,
        0.9790188103187375,
        0.9849583288518394,
        0.9879685073364072,
        0.9913198279171456
      ],
      "bpp": [
        0.07203977324678053,
        0.09755356726631553,
        0.11748815950460842,
        0.20864437863241664,
        0.31829253667507795,
        0.45920202148814876,
        0.564088358437684,
        0.7759934857000356
      ],
      "encoding_time": [
      
        64.97474208110717,
        57.54451480144408
      ],
      "decoding_time": [
        115.90137354339042,
        102.1610572919613
      ]
    }
  }