{
    "name": "Proposed Method [MSE]",
    "description": "Inference (ans)",
    "results": {
      "psnr": [
        29.739129827686046,
        30.79101072271687,
        31.549300117049253,
        33.654606374551406,
        35.304123313098216,
        36.84500056980779,
        37.71330502780009,
        39.05021961699284
      ],
      "ms-ssim": [
        0.9410666453838349,
        0.9522642749547958,
        0.9591444969177246,
        0.9740614533424378,
        0.9810326504707336,
        0.9860490924119949,
        0.9884526658058167,
        0.9914442735910416
      ],
      "bpp": [
        0.08284577777777775,
        0.10827288888888892,
        0.12657400000000002,
        0.21016333333333337,
        0.30768,
        0.43872444444444464,
        0.5358042222222221,
        0.7412455555555556
      ],
      "encoding_time": [
        47.26153783559799
      ],
      "decoding_time": [
        94.44327362060547
      ]
    }
  }